<?xml version="1.0" encoding="UTF-8"?>
<project-private xmlns="http://www.netbeans.org/ns/project-private/1">
    <editor-bookmarks xmlns="http://www.netbeans.org/ns/editor-bookmarks/2" lastBookmarkId="0"/>
    <open-files xmlns="http://www.netbeans.org/ns/projectui-open-files/2">
        <group>
            <file>file:/E:/OpenServer/domains/forum.loc/app/User.php</file>
            <file>file:/E:/OpenServer/domains/forum.loc/routes/web.php</file>
            <file>file:/E:/OpenServer/domains/forum.loc/app/Http/Controllers/HomeController.php</file>
            <file>file:/E:/OpenServer/domains/forum.loc/resources/views/reply.blade.php</file>
            <file>file:/E:/OpenServer/domains/forum.loc/resources/views/home/avatar.blade.php</file>
            <file>file:/E:/OpenServer/domains/forum.loc/resources/views/thread.blade.php</file>
            <file>file:/E:/OpenServer/domains/forum.loc/resources/views/home.blade.php</file>
            <file>file:/E:/OpenServer/domains/forum.loc/app/Http/Controllers/ReplyController.php</file>
            <file>file:/E:/OpenServer/domains/forum.loc/resources/views/home/data.blade.php</file>
        </group>
    </open-files>
</project-private>
